{"cameraMode":{"drawMode":0,"name":"Shaded","section":"Shading Mode"},"sceneLighting":true,"audioPlay":false,"sceneViewState":{"m_AlwaysRefresh":false,"showFog":true,"showSkybox":true,"showFlares":true,"showImageEffects":true,"showParticleSystems":true,"showVisualEffectGraphs":true,"m_FxEnabled":true},"in2DMode":false,"pivot":{"x":1.6330372095108033,"y":-2.647125482559204,"z":21.021955490112306},"rotation":{"x":-0.06473943591117859,"y":-0.02784043364226818,"z":0.001809127745218575,"w":-0.9975176453590393},"size":18.200281143188478,"orthographic":false}